{
    "name": "lightgbm",
    "roc_auc": 0.8074645925237984,
    "f1_score": 0.5986394557823129,
    "precision": 0.5,
    "recall": 0.7457627118644068,
    "accuracy": 0.8319088319088319,
    "thresh": 0.996
}